Misspelled Token,Corrected Token
d'immigration,immigration
//t.co/ec3xhoro2s,//t.co/ec3xhoro2s
l��,l��
//t.co/ihpvhw2bag,//t.co/ihpvhw2bag
youtube,couture
'',d'
//t.co/rqrr5nebcg,//t.co/rqrr5nebcg
//t.co/kxdfmgtzzn,//t.co/kxdfmgtzzn
xkofy,goofy
//t.co/dkpukywmak,//t.co/dkpukywmak
website,webster
usa=pays,usa=pays
262m,m62
c��_,c��_
//t.co/cneywn40x3,//t.co/cneywn40x3
//t.co/m5ckgyvv8f,//t.co/m5ckgyvv8f
//t.co/yagwmz8ecp,//t.co/yagwmz8ecp
//t.co/xxdeig7dbu,//t.co/xxdeig7dbu
cdnpoli,cdnpoli
rigoureusement,rigoureusement
//t.co/x2ifo0exi2,//t.co/x2ifo0exi2
//t.co/zrlj26jnkc,//t.co/zrlj26jnkc
//t.co/kwz3csvyxm,//t.co/kwz3csvyxm
theeconomist,theeconomist
���substantially,���substantially
��uvre,��uvre
l��immigration,l��immigration
st��_,st��_
//t.co/9i72frhtij,//t.co/9i72frhtij
//t.co/zozose1cqq,//t.co/zozose1cqq
sitetraffic,sitetraffic
's,is
of��immigration,of��immigration
fear-mongering,fear-mongering
jat,at
abhinav,abhinav
//t.co/f4uto5a7zf,//t.co/f4uto5a7zf
//t.co/4k84ee8y63,//t.co/4k84ee8y63
acc��s,acc��s
https,steps
haryanavi,haryana
//t.co/j77devjoix,//t.co/j77devjoix
ladymadonna___,ladymadonna___
//t.co/0c5obfmxlg,//t.co/0c5obfmxlg
//t.co/vcmfygadr5,//t.co/vcmfygadr5
d��cortiqu��e,d��cortiqu��e
//t.co/5lievho7a4,//t.co/5lievho7a4
contr��le,contr��le
//t.co/becgusy2i6,//t.co/becgusy2i6
globalist,loyalist
lpc,pc
greencard,greenland
sweetnessshawnb,sweetnessshawnb
//t.co/99myliuoes,//t.co/99myliuoes
canadidly,candidly
//t.co/nefw30mraa,//t.co/nefw30mraa
it's��_,it's��_
��,��
cpcldr��_,cpcldr��_
huffingtonpost,huffingtonpost
hatecrime��_,hatecrime��_
m��me,m��me
onthisday,onthisday
l'immigration,immigration
deyfy,defy
've,eve
//t.co/uvruw8er1b,//t.co/uvruw8er1b
--,i-
fasttraffic,fasttraffic
...,p.
campagne,champagne
irr��guli��re,irr��guli��re
//t.co/uibsezoqas,//t.co/uibsezoqas
//t.co/s3hu1okkig,//t.co/s3hu1okkig
_��_�_,_��_�_
//t.co/wtqk4qdiki,//t.co/wtqk4qdiki
vaste,waste
monsef,money
b.c,bbc
willl,will
//t.co/lsg7c3vle9,//t.co/lsg7c3vle9
//t.co/cyi867pzrv,//t.co/cyi867pzrv
��_,��_
5��questions,5��questions
//t.co/yxh5w53sro,//t.co/yxh5w53sro
besoin,begin
shawhelp,shawell
